How do you assess your knowledge in  GWT API?  ;How much  GWT API do you know ?;How often you commit to include the use of GWT API? ;How much of your code is related to GWT? 
4;A lot;A lot;Almost always
4;A lot;A few;A lot
3;A lot;A lot;A lot
5;A lot;A lot;A lot
3;A few;A few;A few
4;Almost everything;A lot;A lot
4;A lot;A lot;Almost always
5;A lot;A few;A lot
2;A few;A few;A few
5;Almost always;Almost always;Almost always
1;A few;A few;A few
5;A lot;A lot;A lot
5;Almost always;A lot;Almost always
5;A lot;A few;A few
5;A lot;A lot;Almost always
5;Almost always;A lot;A lot
4;A lot;A few;A few
4;A lot;A lot;A lot
5;A lot;A lot;A lot
4;A lot;A lot;A lot
4;A few;A lot;Almost always
5;A lot;Almost always;Almost always
5;Almost always;A lot;A few
3;A few;A few;A few
3;A lot;A few;A lot
5;Almost always;A few;A few
5;Almost always;A few;A lot
5;A lot;A lot;Almost always
5;Almost always;A lot;Almost always
5;A lot;A lot;A lot
4;Almost always;A lot;A lot
