How do you assess your knowledge in  Hibernate API?  ;How much  Hibernate API do you know ?;How often you commit to include the use of Hibernate API? ;How much of your code is related to Hibernate? 
5;Almost always;Almost always;Almost always
5;Almost always;Almost always;Almost always
4;A lot;A few;A few
3;A few;A few;A few
3;A lot;A few;A few
2;A lot;A lot;A lot
4;A lot;A few;A lot
1;A few;A few;A few
4;A lot;A few;A lot
3;A few;A few;A few
2;A few;A few;A few
3;A few;A few;A lot
2;A few;A lot;A lot
5;A lot;A few;A few
3;A few;A few;A few
3;A few;A few;A few
3;A lot;Almost always;A lot
3;A lot;A few;A lot
