How do you assess your knowledge in  Selenium API?  ;How much  Selenium API do you know ?;How often you commit to include the use of Selenium API? ;How much of your code is related to Selenium? 
5;Almost always;Almost always;Almost always
5;A lot;A lot;A lot
4;A few;A few;Almost always
4;A lot;A lot;A few
5;A lot;A few;A few
3;A lot;A few;A lot
5;A few;A few;A lot
4;A few;A few;A lot
4;A lot;A few;Almost always
5;Almost always;A lot;A lot
5;Almost always;A lot;Almost always
4;Almost always;Almost always;Almost always
4;Almost always;Almost always;Almost always
2;A few;A few;A few
4;Almost always;Almost always;Almost always
3;A few;A few;A few
4;A lot;A lot;Almost always
5;Almost always;A lot;A lot
5;A lot;Almost always;Almost always
4;A lot;A few;A lot
5;Almost always;A few;A few
3;A few;A few;A few
4;A lot;A few;A few
4;A lot;A few;A few
4;A lot;A lot;Almost always
4;A lot;A few;Almost always
3;A lot;A lot;A lot
