How do you assess your knowledge in  Vaadin API?  ;How much  Vaadin API do you know ?;How often you commit to include the use of Vaadin API? ;How much of your code is related to Vaadin? 
2;A few;A few;A few
5;A lot;Almost always;A lot
3;A few;A few;A few
5;Almost always;Almost always;Almost always
4;A lot;A lot;A lot
4;A lot;A lot;A lot
3;A few;A few;A few
5;A lot;A lot;A lot
5;Almost always;Almost always;Almost always
2;A few;A few;A few
3;A lot;A few;A lot
4;A lot;A few;A few
3;A few;A few;A few
3;A lot;A few;Almost always
5;Almost always;Almost always;A lot
